ColumnName,ColumnOrdinal,DataType,ColumnType
Timestamp,0,System.DateTime,datetime
TenantId,1,System.String,string
DeviceId,2,System.String,string
DeviceName,3,System.String,string
ActionType,4,System.String,string
FileName,5,System.String,string
FolderPath,6,System.String,string
SHA256,7,System.String,string
ProcessCommandLine,8,System.String,string
AccountDomain,9,System.String,string
AccountName,10,System.String,string
AccountSid,11,System.String,string
AccountUpn,12,System.String,string
AccountObjectId,13,System.String,string
InitiatingProcessFileName,14,System.String,string
InitiatingProcessSHA256,15,System.String,string
InitiatingProcessCommandLine,16,System.String,string
